movie,ICM,LTM,Hawkes
M2858,0.5454545454545454,0,3.079882362112824e-33
M480,0.5818181818181818,0,0.0
M1196,0.41818181818181815,0,1.915695165756777e-30
M2028,0.0,0,1.0
M260,0.7454545454545455,0,1.915695165756777e-30
M1210,1.0,0,1.915695165756777e-30
M2571,0.38181818181818183,0,0.9744433550778037
M3578,0.36363636363636365,0,1.773574912509393e-30
M1198,0.3090909090909091,0,4.5053800364260325e-60
M593,0.32727272727272727,0,1.9838765612622313e-30
